"0","# Conteo de palabras en orden decreciente"
"0","wf <- sort(rowSums(m),decreasing=TRUE)"
"0","wf"
"1","                                  chile "
"1","                                    mas "
"1","                                    hoy "
"1","                             presidente "
"1","
"
"1","                                    204 "
"1","                                    123 "
"1","                                    118 "
"1","                                    114 "
"1","
"
"1","                                  mejor "
"1","                                gracias "
"1","                               gobierno "
"1","                                   pais "
"1","
"
"1","                                    113 "
"1","                                    112 "
"1","                                     97 "
"1","                                     86 "
"1","
"
"1","                                  boric "
"1","                                  todas "
"1","                               seguimos "
"1","                                campaña "
"1","
"
"1","                                     78 "
"1","                                     61 "
"1","                                     59 "
"1","                                     56 "
"1","
"
"1","                                 electo "
"1","                                    dia "
"1","                                tambien "
"1","                               personas "
"1","
"
"1","                                     48 "
"1","                                     47 "
"1","                                     47 "
"1","                                     46 "
"1","
"
"1","                                    ser "
"1","                                gabriel "
"1","                              esperanza "
"1","                                  vivir "
"1","
"
"1","                                     45 "
"1","                                     45 "
"1","                                     45 "
"1","                                     44 "
"1","
"
"1","                        boricpresidente "
"1","                                trabajo "
"1","                              confianza "
"1","                              diciembre "
"1","
"
"1","                                     42 "
"1","                                     40 "
"1","                                     40 "
"1","                                     40 "
"1","
"
"1","                                 muchas "
"1","                                  apoyo "
"1","                                   vota "
"1","                                 futuro "
"1","
"
"1","                                     38 "
"1","                                     38 "
"1","                                     38 "
"1","                                     37 "
"1","
"
"1","                             compromiso "
"1","                                   años "
"1","                                  vamos "
"1","                                 equipo "
"1","
"
"1","                                     36 "
"1","                                     36 "
"1","                                     35 "
"1","                                     34 "
"1","
"
"1","                        franjaelectoral "
"1","                                  parte "
"1","                                   sera "
"1","                                votauno "
"1","
"
"1","                                     34 "
"1","                                     32 "
"1","                                     32 "
"1","                                     32 "
"1","
"
"1","                               derechos "
"1","                                   solo "
"1","                                mujeres "
"1","                                   cada "
"1","
"
"1","                                     30 "
"1","                                     29 "
"1","                                     29 "
"1","                                     29 "
"1","
"
"1","                               queremos "
"1","                                  votar "
"1","                              candidato "
"1","                                  gente "
"1","
"
"1","                                     29 "
"1","                                     27 "
"1","                                     27 "
"1","                                     26 "
"1","
"
"1","                                   vida "
"1","                                   gran "
"1","                                  nuevo "
"1","                               programa "
"1","
"
"1","                                     26 "
"1","                                     26 "
"1","                                     26 "
"1","                                     26 "
"1","
"
"1","                               proyecto "
"1","                                  junto "
"1","                                  salud "
"1","                             entrevista "
"1","
"
"1","                                     26 "
"1","                                     26 "
"1","                                     26 "
"1","                                     25 "
"1","
"
"1","                              encuentro "
"1","                                  tener "
"1","                              agradezco "
"1","                                 mañana "
"1","
"
"1","                                     25 "
"1","                                     25 "
"1","                                     25 "
"1","                                     25 "
"1","
"
"1","                                   dias "
"1","                                  justo "
"1","                                   kast "
"1","                                derecho "
"1","
"
"1","                                     24 "
"1","                                     24 "
"1","                                     24 "
"1","                                     23 "
"1","
"
"1","                                  hacia "
"1","                               ministra "
"1","                                  mujer "
"1","                                  hacer "
"1","
"
"1","                                     23 "
"1","                                     23 "
"1","                                     23 "
"1","                                     23 "
"1","
"
"1","                                  honor "
"1","                                  estan "
"1","                             democracia "
"1","                                sistema "
"1","
"
"1","                                     23 "
"1","                                     22 "
"1","                                     22 "
"1","                                     22 "
"1","
"
"1","                               chilenos "
"1","                                  miedo "
"1","                             propuestas "
"1","                                  poder "
"1","
"
"1","                                     22 "
"1","                                     22 "
"1","                                     22 "
"1","                                     21 "
"1","
"
"1","                                respeto "
"1","                                domingo "
"1","                                 abrazo "
"1","                                desafio "
"1","
"
"1","                                     21 "
"1","                                     21 "
"1","                                     21 "
"1","                                     21 "
"1","
"
"1","                                alegria "
"1","                                avanzar "
"1","                                 juntos "
"1","                          subsecretaria "
"1","
"
"1","                                     21 "
"1","                                     21 "
"1","                                     21 "
"1","                                     20 "
"1","
"
"1","                               nacional "
"1","                                cultura "
"1","                                    ver "
"1","                           trabajaremos "
"1","
"
"1","                                     20 "
"1","                                     20 "
"1","                                     20 "
"1","                                     20 "
"1","
"
"1","                                siempre "
"1","                               desafios "
"1","                              construir "
"1","                                 camino "
"1","
"
"1","                                     20 "
"1","                                     20 "
"1","                                     20 "
"1","                                     19 "
"1","
"
"1","                              educacion "
"1","                                  nunca "
"1","                             importante "
"1","                                 seguir "
"1","
"
"1","                                     19 "
"1","                                     19 "
"1","                                     19 "
"1","                                     19 "
"1","
"
"1","                                  mundo "
"1","                                primera "
"1","                                 quiero "
"1","                               justicia "
"1","
"
"1","                                     18 "
"1","                                     18 "
"1","                                     18 "
"1","                                     18 "
"1","
"
"1","                              seguridad "
"1","                              conversar "
"1","                                familia "
"1","                                   aqui "
"1","
"
"1","                                     18 "
"1","                                     18 "
"1","                                     17 "
"1","                                     17 "
"1","
"
"1","                               ministro "
"1","                                 futura "
"1","                                   debe "
"1","                                posible "
"1","
"
"1","                                     17 "
"1","                                     17 "
"1","                                     17 "
"1","                                     17 "
"1","
"
"1","                                    the "
"1","                                youtube "
"1","                                  sigue "
"1","                                energia "
"1","
"
"1","                                     17 "
"1","                                     17 "
"1","                                     17 "
"1","                                     17 "
"1","
"
"1","                                  ahora "
"1","                              pensiones "
"1","                               dignidad "
"1","                                cambios "
"1","
"
"1","                                     17 "
"1","                                     17 "
"1","                                     16 "
"1","                                     16 "
"1","
"
"1","                               mentiras "
"1","                               gabinete "
"1","                                   paso "
"1","                               libertad "
"1","
"
"1","                                     16 "
"1","                                     16 "
"1","                                     16 "
"1","                                     16 "
"1","
"
"1","                            necesitamos "
"1","                         paravivirmejor "
"1","                    rutaesperanzaxboric "
"1","                                 puedes "
"1","
"
"1","                                     16 "
"1","                                     16 "
"1","                                     16 "
"1","                                     16 "
"1","
"
"1","                           debateanatel "
"1","                               trabajar "
"1","                                  cargo "
"1","                                calidad "
"1","
"
"1","                                     16 "
"1","                                     15 "
"1","                                     15 "
"1","                                     15 "
"1","
"
"1","                                hermoso "
"1","                                   hace "
"1","                                 fuerza "
"1","                                  digna "
"1","
"
"1","                                     15 "
"1","                                     15 "
"1","                                     15 "
"1","                                     15 "
"1","
"
"1","                                   ayer "
"1","                                    vez "
"1","                                publico "
"1","                                    san "
"1","
"
"1","                                     15 "
"1","                                     15 "
"1","                                     15 "
"1","                                     15 "
"1","
"
"1","                                 espero "
"1","                               vivienda "
"1","                                   voto "
"1","                                   agua "
"1","
"
"1","                                     15 "
"1","                                     15 "
"1","                                     15 "
"1","                                     15 "
"1","
"
"1","                                vecinos "
"1","                               capitulo "
"1","                                 sumate "
"1","                            boricnosune "
"1","
"
"1","                                     15 "
"1","                                     15 "
"1","                                     15 "
"1","                                     15 "
"1","
"
"1","                               historia "
"1","                                   ðÿœ³ "
"1","                                 cariño "
"1","                                    rol "
"1","
"
"1","                                     14 "
"1","                                     14 "
"1","                                     14 "
"1","                                     14 "
"1","
"
"1","                               sociales "
"1","                                    paz "
"1","                                  feliz "
"1","                                   toda "
"1","
"
"1","                                     14 "
"1","                                     14 "
"1","                                     14 "
"1","                                     14 "
"1","
"
"1","                                   vivo "
"1","                                    hrs "
"1","                                  medio "
"1","                                   creo "
"1","
"
"1","                                     14 "
"1","                                     14 "
"1","                                     13 "
"1","                                     13 "
"1","
"
"1","                             transporte "
"1","                             magallanes "
"1","                                  ideas "
"1","                        responsabilidad "
"1","
"
"1","                                     13 "
"1","                                     13 "
"1","                                     13 "
"1","                                     13 "
"1","
"
"1","                                podemos "
"1","                                  haber "
"1","                                   foto "
"1","                               chilenas "
"1","
"
"1","                                     13 "
"1","                                     13 "
"1","                                     13 "
"1","                                     13 "
"1","
"
"1","                                  nadie "
"1","                                llamado "
"1","                                 manera "
"1","                                 social "
"1","
"
"1","                                     13 "
"1","                                     13 "
"1","                                     12 "
"1","                                     12 "
"1","
"
"1","                             ministerio "
"1","                                proceso "
"1","                               regiones "
"1","                                  canal "
"1","
"
"1","                                     12 "
"1","                                     12 "
"1","                                     12 "
"1","                                     12 "
"1","
"
"1","                                  puede "
"1","                                    año "
"1","                               tremendo "
"1","                               economia "
"1","
"
"1","                                     12 "
"1","                                     12 "
"1","                                     12 "
"1","                                     12 "
"1","
"
"1","                            conversando "
"1","                                mejorar "
"1","                                 region "
"1","                                  niños "
"1","
"
"1","                                     12 "
"1","                                     12 "
"1","                                     12 "
"1","                                     12 "
"1","
"
"1","                                 buenos "
"1","                                momento "
"1","                               ðÿ‡¨ðÿ‡± "
"1","                                  vemos "
"1","
"
"1","                                     12 "
"1","                                     12 "
"1","                                     12 "
"1","                                     12 "
"1","
"
"1","                            candidatura "
"1","                            recorriendo "
"1","                            meunoxboric "
"1","                            debatearchi "
"1","
"
"1","                                     12 "
"1","                                     12 "
"1","                                     12 "
"1","                                     12 "
"1","
"
"1","                                 centro "
"1","                                 cambio "
"1","                               reunimos "
"1","                             presidenta "
"1","
"
"1","                                     11 "
"1","                                     11 "
"1","                                     11 "
"1","                                     11 "
"1","
"
"1","                                 semana "
"1","                                partido "
"1","                                   bien "
"1","                                   jose "
"1","
"
"1","                                     11 "
"1","                                     11 "
"1","                                     11 "
"1","                                     11 "
"1","
"
"1","                                   pdte "
"1","                                dialogo "
"1","                               haciendo "
"1","                               sociedad "
"1","
"
"1","                                     11 "
"1","                                     11 "
"1","                                     11 "
"1","                                     11 "
"1","
"
"1","                            oportunidad "
"1","                                   casa "
"1","                               tremenda "
"1","                              colectivo "
"1","
"
"1","                                     11 "
"1","                                     11 "
"1","                                     11 "
"1","                                     11 "
"1","
"
"1","                                  digno "
"1","                                    sur "
"1","                                  arica "
"1","                                ustedes "
"1","
"
"1","                                     11 "
"1","                                     11 "
"1","                                     11 "
"1","                                     11 "
"1","
"
"1","                               recuerda "
"1","                                 franja "
"1","                   candidatollegotuhora "
"1","                                  buena "
"1","
"
"1","                                     11 "
"1","                                     11 "
"1","                                     11 "
"1","                                     10 "
"1","
"
"1","                                  norte "
"1","                                    aun "
"1","                                 grande "
"1","                                   buen "
"1","
"
"1","                                     10 "
"1","                                     10 "
"1","                                     10 "
"1","                                     10 "
"1","
"
"1","                         felicitaciones "
"1","                              violencia "
"1","                                  labor "
"1","                                 acceso "
"1","
"
"1","                                     10 "
"1","                                     10 "
"1","                                     10 "
"1","                                     10 "
"1","
"
"1","                                    tan "
"1","                                 partir "
"1","                                 tiempo "
"1","                               defender "
"1","
"
"1","                                     10 "
"1","                                     10 "
"1","                                     10 "
"1","                                     10 "
"1","
"
"1","                            comunidades "
"1","                               politica "
"1","                         organizaciones "
"1","                                 asumir "
"1","
"
"1","                                     10 "
"1","                                     10 "
"1","                                     10 "
"1","                                     10 "
"1","
"
"1","                             trabajando "
"1","                              comunidad "
"1","                              esperamos "
"1","                                 genero "
"1","
"
"1","                                     10 "
"1","                                     10 "
"1","                                     10 "
"1","                                     10 "
"1","
"
"1","                                 aporte "
"1","                                 debate "
"1","                               escuchar "
"1","                                   tema "
"1","
"
"1","                                     10 "
"1","                                     10 "
"1","                                     10 "
"1","                                     10 "
"1","
"
"1","                              invitamos "
"1","                                   dejo "
"1","                               familias "
"1","                               necesita "
"1","
"
"1","                                     10 "
"1","                                     10 "
"1","                                     10 "
"1","                                     10 "
"1","
"
"1","                              necesitan "
"1","                                 vuelta "
"1","                                podamos "
"1","                                 apoyar "
"1","
"
"1","                                     10 "
"1","                                     10 "
"1","                                     10 "
"1","                                     10 "
"1","
"
"1","                                medidas "
"1","                               conjunto "
"1","                                    ley "
"1","                                 medios "
"1","
"
"1","                                      9 "
"1","                                      9 "
"1","                                      9 "
"1","                                      9 "
"1","
"
"1","                               servicio "
"1","                             conviccion "
"1","                               comparto "
"1","                               santiago "
"1","
"
"1","                                      9 "
"1","                                      9 "
"1","                                      9 "
"1","                                      9 "
"1","
"
"1","                                  maipu "
"1","                                   tras "
"1","                                mayoria "
"1","                                  mucha "
"1","
"
"1","                                      9 "
"1","                                      9 "
"1","                                      9 "
"1","                                      9 "
"1","
"
"1","                                  video "
"1","                                debemos "
"1","                                mentira "
"1","                               interior "
"1","
"
"1","                                      9 "
"1","                                      9 "
"1","                                      9 "
"1","                                      9 "
"1","
"
"1","                                  deben "
"1","                                    asi "
"1","                                 pueblo "
"1","                                grandes "
"1","
"
"1","                                      9 "
"1","                                      9 "
"1","                                      9 "
"1","                                      9 "
"1","
"
"1","                                 calles "
"1","                               pandemia "
"1","                              historico "
"1","                                 verdad "
"1","
"
"1","                                      9 "
"1","                                      9 "
"1","                                      9 "
"1","                                      9 "
"1","
"
"1","                            condiciones "
"1","                                  luego "
"1","                                  pymes "
"1","                                   jefa "
"1","
"
"1","                                      9 "
"1","                                      9 "
"1","                                      9 "
"1","                                      9 "
"1","
"
"1","                                    gas "
"1","                                    âœ… "
"1","                                    fin "
"1","                         constitucional "
"1","
"
"1","                                      9 "
"1","                                      9 "
"1","                                      9 "
"1","                                      8 "
"1","
"
"1","                         reconocimiento "
"1","                                  tarea "
"1","                            universidad "
"1","                               politico "
"1","
"
"1","                                      8 "
"1","                                      8 "
"1","                                      8 "
"1","                                      8 "
"1","
"
"1","                              electoral "
"1","                            diferencias "
"1","                                  crear "
"1","                              feminista "
"1","
"
"1","                                      8 "
"1","                                      8 "
"1","                                      8 "
"1","                                      8 "
"1","
"
"1","                             garantizar "
"1","                                  manos "
"1","                             ciudadania "
"1","                                 ultimo "
"1","
"
"1","                                      8 "
"1","                                      8 "
"1","                                      8 "
"1","                                      8 "
"1","
"
"1","                                 crisis "
"1","                                  horas "
"1","                                acuerdo "
"1","                                  asumo "
"1","
"
"1","                                      8 "
"1","                                      8 "
"1","                                      8 "
"1","                                      8 "
"1","
"
"1","                             nuevamente "
"1","                             contribuir "
"1","                                humanos "
"1","                                   ddhh "
"1","
"
"1","                                      8 "
"1","                                      8 "
"1","                                      8 "
"1","                                      8 "
"1","
"
"1","                              ministros "
"1","                             desarrollo "
"1","                           trabajadores "
"1","ðÿ’ªðÿ\u008f¾ðÿ’ªðÿ\u008f¾ðÿ’ªðÿ\u008f¾ "
"1","
"
"1","                                      8 "
"1","                                      8 "
"1","                                      8 "
"1","                                      8 "
"1","
"
"1","                     cooperativacontigo "
"1","                             convencion "
"1","                               palabras "
"1","                                 buenas "
"1","
"
"1","                                      8 "
"1","                                      8 "
"1","                                      8 "
"1","                                      8 "
"1","
"
"1","                                  izkia "
"1","                                 siches "
"1","                                    van "
"1","                                 cuidar "
"1","
"
"1","                                      8 "
"1","                                      8 "
"1","                                      8 "
"1","                                      8 "
"1","
"
"1","                                   amor "
"1","                                comando "
"1","                                segunda "
"1","                               eleccion "
"1","
"
"1","                                      8 "
"1","                                      8 "
"1","                                      8 "
"1","                                      8 "
"1","
"
"1","                                  urnas "
"1","                                   gane "
"1","                                 precio "
"1","                                  redes "
"1","
"
"1","                                      8 "
"1","                                      8 "
"1","                                      8 "
"1","                                      8 "
"1","
"
"1","                                    mil "
"1","                        franjaciudadana "
"1","                               policias "
"1","                                 puerta "
"1","
"
"1","                                      8 "
"1","                                      8 "
"1","                                      8 "
"1","                                      8 "
"1","
"
"1","                                  rural "
"1","                                 trenes "
"1","                    boricparavivirmejor "
"1","                          constituyente "
"1","
"
"1","                                      8 "
"1","                                      8 "
"1","                                      8 "
"1","                                      7 "
"1","
"
"1","                                  forma "
"1","                                   juan "
"1","                               regional "
"1","                              propuesta "
"1","
"
"1","                                      7 "
"1","                                      7 "
"1","                                      7 "
"1","                                      7 "
"1","
"
"1","                               ambiente "
"1","                                   alto "
"1","                                mejores "
"1","                                antonia "
"1","
"
"1","                                      7 "
"1","                                      7 "
"1","                                      7 "
"1","                                      7 "
"1","
"
"1","                                  queda "
"1","                                 invito "
"1","                           tranquilidad "
"1","                                conocer "
"1","
"
"1","                                      7 "
"1","                                      7 "
"1","                                      7 "
"1","                                      7 "
"1","
"
"1","                                publica "
"1","                                  comun "
"1","                                    dos "
"1","                           conversacion "
"1","
"
"1","                                      7 "
"1","                                      7 "
"1","                                      7 "
"1","                                      7 "
"1","
"
"1","                            autoridades "
"1","                                central "
"1","                               millones "
"1","                              liderazgo "
"1","
"
"1","                                      7 "
"1","                                      7 "
"1","                                      7 "
"1","                                      7 "
"1","
"
"1","                                 empleo "
"1","                                 llegar "
"1","                                estaran "
"1","                              servicios "
"1","
"
"1","                                      7 "
"1","                                      7 "
"1","                                      7 "
"1","                                      7 "
"1","
"
"1","                          tenemosequipo "
"1","                               mientras "
"1","                               terminar "
"1","                                proximo "
"1","
"
"1","                                      7 "
"1","                                      7 "
"1","                                      7 "
"1","                                      7 "
"1","
"
"1","                      descentralizacion "
"1","                                jornada "
"1","                                    ahi "
"1","                              president "
"1","
"
"1","                                      7 "
"1","                                      7 "
"1","                                      7 "
"1","                                      7 "
"1","
"
"1","                                iquique "
"1","                                    voy "
"1","                            agradecemos "
"1","                                equipos "
"1","
"
"1","                                      7 "
"1","                                      7 "
"1","                                      7 "
"1","                                      7 "
"1","
"
"1","                                  mismo "
"1","                                   sino "
"1","                                  visto "
"1","                       â\u009d¤ï¸\u008f "
"1","
"
"1","                                      7 "
"1","                                      7 "
"1","                                      7 "
"1","                                      7 "
"1","
"
"1","                                  mayor "
"1","                                  niñas "
"1","                                    aca "
"1","                             reparacion "
"1","
"
"1","                                      7 "
"1","                                      7 "
"1","                                      7 "
"1","                                      7 "
"1","
"
"1","                                  dudas "
"1","                               empresas "
"1","                                 saludo "
"1","                                  mesas "
"1","
"
"1","                                      7 "
"1","                                      7 "
"1","                                      7 "
"1","                                      7 "
"1","
"
"1","                                 frente "
"1","                                querido "
"1","                                hermano "
"1","                                 parque "
"1","
"
"1","                                      7 "
"1","                                      7 "
"1","                                      7 "
"1","                                      7 "
"1","
"
"1","                                entrega "
"1","                               aumentar "
"1","                           medicamentos "
"1","                            meunoxchile "
"1","
"
"1","                                      7 "
"1","                                      7 "
"1","                                      7 "
"1","                                      7 "
"1","
"
"1","                  millondepuertasxboric "
"1","                        mirarlarealidad "
"1","                               comision "
"1","                            reafirmamos "
"1","
"
"1","                                      7 "
"1","                                      7 "
"1","                                      6 "
"1","                                      6 "
"1","
"
"1","                             valparaiso "
"1","                                 propia "
"1","                                  salir "
"1","                                  favor "
"1","
"
"1","                                      6 "
"1","                                      6 "
"1","                                      6 "
"1","                                      6 "
"1","
"
"1","                                  exito "
"1","                                   idea "
"1","                                   ðÿ˜š "
"1","                                defensa "
"1","
"
"1","                                      6 "
"1","                                      6 "
"1","                                      6 "
"1","                                      6 "
"1","
"
"1","                                  clave "
"1","                                  largo "
"1","                                 lograr "
"1","                                chileno "
"1","
"
"1","                                      6 "
"1","                                      6 "
"1","                                      6 "
"1","                                      6 "
"1","
"
"1","                              colaborar "
"1","                           presidencial "
"1","                               decidido "
"1","                                  nueva "
"1","
"
"1","                                      6 "
"1","                                      6 "
"1","                                      6 "
"1","                                      6 "
"1","
"
"1","                             privilegio "
"1","                               atencion "
"1","                                  marzo "
"1","                              problemas "
"1","
"
"1","                                      6 "
"1","                                      6 "
"1","                                      6 "
"1","                                      6 "
"1","
"
"1","                                 miguel "
"1","                                 hablar "
"1","                                liderar "
"1","                               victimas "
"1","
"
"1","                                      6 "
"1","                                      6 "
"1","                                      6 "
"1","                                      6 "
"1","
"
"1","                                materia "
"1","                                  cosas "
"1","                                  pesos "
"1","                                 siguen "
"1","
"
"1","                                      6 "
"1","                                      6 "
"1","                                      6 "
"1","                                      6 "
"1","
"
"1","                                  artes "
"1","                                saludos "
"1","                               adelante "
"1","                                equidad "
"1","
"
"1","                                      6 "
"1","                                      6 "
"1","                                      6 "
"1","                                      6 "
"1","
"
"1","                                antonio "
"1","                                recibir "
"1","                                barrios "
"1","                                   mano "
"1","
"
"1","                                      6 "
"1","                                      6 "
"1","                                      6 "
"1","                                      6 "
"1","
"
"1","                              avancemos "
"1","                            experiencia "
"1","                                 vienen "
"1","                               realidad "
"1","
"
"1","                                      6 "
"1","                                      6 "
"1","                                      6 "
"1","                                      6 "
"1","
"
"1","                                  lugar "
"1","                                 llevar "
"1","                                   base "
"1","                                pension "
"1","
"
"1","                                      6 "
"1","                                      6 "
"1","                                      6 "
"1","                                      6 "
"1","
"
"1","                              universal "
"1","                       transformaciones "
"1","                           narcotrafico "
"1","                               decision "
"1","
"
"1","                                      6 "
"1","                                      6 "
"1","                                      6 "
"1","                                      6 "
"1","
"
"1","                                gigante "
"1","                                conmigo "
"1","                                abierta "
"1","                               espacios "
"1","
"
"1","                                      6 "
"1","                                      6 "
"1","                                      6 "
"1","                                      6 "
"1","
"
"1","                                corazon "
"1","                                emocion "
"1","                                  seran "
"1","                               comienza "
"1","
"
"1","                                      6 "
"1","                                      6 "
"1","                                      6 "
"1","                                      6 "
"1","
"
"1","                                  abrir "
"1","                               recorrer "
"1","                                 electa "
"1","                                estatal "
"1","
"
"1","                                      6 "
"1","                                      6 "
"1","                                      6 "
"1","                                      6 "
"1","
"
"1","                                 mental "
"1","                                 ciudad "
"1","                              distintos "
"1","                                reunion "
"1","
"
"1","                                      6 "
"1","                                      6 "
"1","                                      6 "
"1","                                      6 "
"1","
"
"1","                              recorrido "
"1","                               momentos "
"1","                                  juego "
"1","                                  misma "
"1","
"
"1","                                      6 "
"1","                                      6 "
"1","                                      6 "
"1","                                      6 "
"1","
"
"1","                                despues "
"1","                            emocionante "
"1","                                  deber "
"1","                         parlamentarios "
"1","
"
"1","                                      6 "
"1","                                      6 "
"1","                                      6 "
"1","                                      6 "
"1","
"
"1","                                  linda "
"1","                                votamos "
"1","                                quieren "
"1","                                    afp "
"1","
"
"1","                                      6 "
"1","                                      6 "
"1","                                      6 "
"1","                                      6 "
"1","
"
"1","                            estabilidad "
"1","                                 minimo "
"1","                                    haz "
"1","                            antofagasta "
"1","
"
"1","                                      6 "
"1","                                      6 "
"1","                                      6 "
"1","                                      6 "
"1","
"
"1","                               ¡gracias "
"1","                                aportes "
"1","                              capitulos "
"1","                                rurales "
"1","
"
"1","                                      6 "
"1","                                      6 "
"1","                                      6 "
"1","                                      6 "
"1","
"
"1","                              crearemos "
"1","                              poderosos "
"1","                                 primer "
"1","                                  deuda "
"1","
"
"1","                                      6 "
"1","                                      6 "
"1","                                      5 "
"1","                                      5 "
"1","
"
"1","                                 carlos "
"1","                               congreso "
"1","                                ciencia "
"1","                                   dice "
"1","
"
"1","                                      5 "
"1","                                      5 "
"1","                                      5 "
"1","                                      5 "
"1","
"
"1","                           nombramiento "
"1","                                tiempos "
"1","                                  ojala "
"1","                                avances "
"1","
"
"1","                                      5 "
"1","                                      5 "
"1","                                      5 "
"1","                                      5 "
"1","
"
"1","                                  civil "
"1","                                 pensar "
"1","                                    dar "
"1","                                general "
"1","
"
"1","                                      5 "
"1","                                      5 "
"1","                                      5 "
"1","                                      5 "
"1","
"
"1","                            fundamental "
"1","                                  poner "
"1","                                  veces "
"1","                               objetivo "
"1","
"
"1","                                      5 "
"1","                                      5 "
"1","                                      5 "
"1","                                      5 "
"1","
"
"1","                                    and "
"1","                             secretaria "
"1","                                escucha "
"1","                               pensando "
"1","
"
"1","                                      5 "
"1","                                      5 "
"1","                                      5 "
"1","                                      5 "
"1","
"
"1","                                   link "
"1","                                  plena "
"1","                                   hilo "
"1","                              encabezar "
"1","
"
"1","                                      5 "
"1","                                      5 "
"1","                                      5 "
"1","                                      5 "
"1","
"
"1","                                 abusos "
"1","                                  tarde "
"1","                              compañera "
"1","                                  viene "
"1","
"
"1","                                      5 "
"1","                                      5 "
"1","                                      5 "
"1","                                      5 "
"1","
"
"1","                            desigualdad "
"1","                                jovenes "
"1","                            actividades "
"1","                               hacienda "
"1","
"
"1","                                      5 "
"1","                                      5 "
"1","                                      5 "
"1","                                      5 "
"1","
"
"1","                               temprano "
"1","                                columna "
"1","                             diversidad "
"1","                                   rato "
"1","
"
"1","                                      5 "
"1","                                      5 "
"1","                                      5 "
"1","                                      5 "
"1","
"
"1","                                sentido "
"1","                                 enorme "
"1","                            territorios "
"1","                               mantener "
"1","
"
"1","                                      5 "
"1","                                      5 "
"1","                                      5 "
"1","                                      5 "
"1","
"
"1","                             fortalecer "
"1","                           delincuencia "
"1","                           conocimiento "
"1","                                espacio "
"1","
"
"1","                                      5 "
"1","                                      5 "
"1","                                      5 "
"1","                                      5 "
"1","
"
"1","                                venimos "
"1","                                  esten "
"1","                         toleranciacero "
"1","                                  lindo "
"1","
"
"1","                                      5 "
"1","                                      5 "
"1","                                      5 "
"1","                                      5 "
"1","
"
"1","                                 moneda "
"1","                              agradecer "
"1","                                  igual "
"1","                          independiente "
"1","
"
"1","                                      5 "
"1","                                      5 "
"1","                                      5 "
"1","                                      5 "
"1","
"
"1","                                alcalde "
"1","                                  zonas "
"1","                                  paseo "
"1","                                ultimos "
"1","
"
"1","                                      5 "
"1","                                      5 "
"1","                                      5 "
"1","                                      5 "
"1","
"
"1","                                puntaje "
"1","                            importantes "
"1","                               artistas "
"1","                              dictadura "
"1","
"
"1","                                      5 "
"1","                                      5 "
"1","                                      5 "
"1","                                      5 "
"1","
"
"1","                             seguiremos "
"1","                                persona "
"1","                                  hecho "
"1","                              prioridad "
"1","
"
"1","                                      5 "
"1","                                      5 "
"1","                                      5 "
"1","                                      5 "
"1","
"
"1","                                 cierre "
"1","                                  lucha "
"1","                                   piso "
"1","                             regionales "
"1","
"
"1","                                      5 "
"1","                                      5 "
"1","                                      5 "
"1","                                      5 "
"1","
"
"1","                            conversamos "
"1","                            declaracion "
"1","                             concepcion "
"1","                                 unidos "
"1","
"
"1","                                      5 "
"1","                                      5 "
"1","                                      5 "
"1","                                      5 "
"1","
"
"1","                                  pueda "
"1","                                cuidado "
"1","                                tendran "
"1","                                sabemos "
"1","
"
"1","                                      5 "
"1","                                      5 "
"1","                                      5 "
"1","                                      5 "
"1","
"
"1","                              inclusion "
"1","                             elecciones "
"1","                                  fotos "
"1","                               pudahuel "
"1","
"
"1","                                      5 "
"1","                                      5 "
"1","                                      5 "
"1","                                      5 "
"1","
"
"1","                                   sumo "
"1","                                depende "
"1","                                locales "
"1","                                hacemos "
"1","
"
"1","                                      5 "
"1","                                      5 "
"1","                                      5 "
"1","                                      5 "
"1","
"
"1","                              politicas "
"1","                                   viña "
"1","                              concretas "
"1","                                  saben "
"1","
"
"1","                                      5 "
"1","                                      5 "
"1","                                      5 "
"1","                                      5 "
"1","
"
"1","                              financian "
"1","                                 temuco "
"1","                 boricpresidentedechile "
"1","                                creemos "
"1","
"
"1","                                      5 "
"1","                                      5 "
"1","                                      5 "
"1","                                      5 "
"1","
"
"1","                                 dignas "
"1","                                  rumbo "
"1","                                ¡muchas "
"1","                                 avanza "
"1","
"
"1","                                      5 "
"1","                                      5 "
"1","                                      5 "
"1","                                      4 "
"1","
"
"1","                                    cae "
"1","                             proteccion "
"1","                           condolencias "
"1","                              situacion "
"1","
"
"1","                                      4 "
"1","                                      4 "
"1","                                      4 "
"1","                                      4 "
"1","
"
"1","                               viviendo "
"1","                                gestion "
"1","                                poderes "
"1","                               votacion "
"1","
"
"1","                                      4 "
"1","                                      4 "
"1","                                      4 "
"1","                                      4 "
"1","
"
"1","                              climatico "
"1","                              directora "
"1","                                  rojas "
"1","                                  temas "
"1","
"
"1","                                      4 "
"1","                                      4 "
"1","                                      4 "
"1","                                      4 "
"1","
"
"1","                                  maria "
"1","                            posibilidad "
"1","                               comenzar "
"1","                                  madre "
"1","
"
"1","                                      4 "
"1","                                      4 "
"1","                                      4 "
"1","                                      4 "
"1","
"
"1","                                orgullo "
"1","                                   caso "
"1","                                mostrar "
"1","                              consensos "
"1","
"
"1","                                      4 "
"1","                                      4 "
"1","                                      4 "
"1","                                      4 "
"1","
"
"1","                           comunicacion "
"1","                                ejemplo "
"1","                               promover "
"1","                           trabajadoras "
"1","
"
"1","                                      4 "
"1","                                      4 "
"1","                                      4 "
"1","                                      4 "
"1","
"
"1","                                  unica "
"1","                               profunda "
"1","                                comunas "
"1","                                   cara "
"1","
"
"1","                                      4 "
"1","                                      4 "
"1","                                      4 "
"1","                                      4 "
"1","
"
"1","                                   ello "
"1","                              intereses "
"1","                               presente "
"1","                               acciones "
"1","
"
"1","                                      4 "
"1","                                      4 "
"1","                                      4 "
"1","                                      4 "
"1","
"
"1","                                 nombre "
"1","                                 vision "
"1","                               recibido "
"1","                              climatica "
"1","
"
"1","                                      4 "
"1","                                      4 "
"1","                                      4 "
"1","                                      4 "
"1","
"
"1","                                  habla "
"1","                                 cabeza "
"1","                                    tod "
"1","                                  unico "
"1","
"
"1","                                      4 "
"1","                                      4 "
"1","                                      4 "
"1","                                      4 "
"1","
"
"1","                             agradecido "
"1","                             familiares "
"1","                             transicion "
"1","                                  banco "
"1","
"
"1","                                      4 "
"1","                                      4 "
"1","                                      4 "
"1","                                      4 "
"1","
"
"1","                                  deseo "
"1","                                  pleno "
"1","                                  bases "
"1","                                  lleva "
"1","
"
"1","                                      4 "
"1","                                      4 "
"1","                                      4 "
"1","                                      4 "
"1","
"
"1","                          internacional "
"1","                                 volver "
"1","                                  presi "
"1","                                 admiro "
"1","
"
"1","                                      4 "
"1","                                      4 "
"1","                                      4 "
"1","                                      4 "
"1","
"
"1","                                 contar "
"1","                            enormemente "
"1","                                control "
"1","                           herramientas "
"1","
"
"1","                                      4 "
"1","                                      4 "
"1","                                      4 "
"1","                                      4 "
"1","
"
"1","                               ciencias "
"1","                                honrada "
"1","                               impulsar "
"1","                                 siento "
"1","
"
"1","                                      4 "
"1","                                      4 "
"1","                                      4 "
"1","                                      4 "
"1","
"
"1","                                laboral "
"1","                                 mujica "
"1","                             particular "
"1","                                puertas "
"1","
"
"1","                                      4 "
"1","                                      4 "
"1","                                      4 "
"1","                                      4 "
"1","
"
"1","                             agradecida "
"1","                               culturas "
"1","                           construyamos "
"1","                             generacion "
"1","
"
"1","                                      4 "
"1","                                      4 "
"1","                                      4 "
"1","                                      4 "
"1","
"
"1","                                    veo "
"1","                                  justa "
"1","                                  quedo "
"1","                               noticias "
"1","
"
"1","                                      4 "
"1","                                      4 "
"1","                                      4 "
"1","                                      4 "
"1","
"
"1","                            disposicion "
"1","                                  hacen "
"1","                              recuperar "
"1","                              ministras "
"1","
"
"1","                                      4 "
"1","                                      4 "
"1","                                      4 "
"1","                                      4 "
"1","
"
"1","                                 agenda "
"1","                                 sector "
"1","                                 quedan "
"1","                                 comite "
"1","
"
"1","                                      4 "
"1","                                      4 "
"1","                                      4 "
"1","                                      4 "
"1","
"
"1","                              distintas "
"1","                                   ðÿ“¡ "
"1","                                  dejen "
"1","                                higgins "
"1","
"
"1","                                      4 "
"1","                                      4 "
"1","                                      4 "
"1","                                      4 "
"1","
"
"1","                                 poesia "
"1","                                  total "
"1","                                   ðÿ’ª "
"1","                                cumplir "
"1","
"
"1","                                      4 "
"1","                                      4 "
"1","                                      4 "
"1","                                      4 "
"1","
"
"1","                                  darle "
"1","                                mandato "
"1","                                haremos "
"1","                              enfrentar "
"1","
"
"1","                                      4 "
"1","                                      4 "
"1","                                      4 "
"1","                                      4 "
"1","
"
"1","                                 juntas "
"1","                             escuchando "
"1","                             nacionales "
"1","                                   unas "
"1","
"
"1","                                      4 "
"1","                                      4 "
"1","                                      4 "
"1","                                      4 "
"1","
"
"1","                                 quiere "
"1","                             recordamos "
"1","                                   from "
"1","                            inaceptable "
"1","
"
"1","                                      4 "
"1","                                      4 "
"1","                                      4 "
"1","                                      4 "
"1","
"
"1","                                comunes "
"1","                              compañero "
"1","                                   ruta "
"1","                                   dios "
"1","
"
"1","                                      4 "
"1","                                      4 "
"1","                                      4 "
"1","                                      4 "
"1","
"
"1","                               hospital "
"1","                                  tomar "
"1","                                    tal "
"1","                                   hizo "
"1","
"
"1","                                      4 "
"1","                                      4 "
"1","                                      4 "
"1","                                      4 "
"1","
"
"1","                            principales "
"1","                            transmision "
"1","                                importa "
"1","                                colegio "
"1","
"
"1","                                      4 "
"1","                                      4 "
"1","                                      4 "
"1","                                      4 "
"1","
"
"1","                                    don "
"1","                                pueblos "
"1","                                   bajo "
"1","                               reformas "
"1","
"
"1","                                      4 "
"1","                                      4 "
"1","                                      4 "
"1","                                      4 "
"1","
"
"1","                                   duda "
"1","                            mesacentral "
"1","                            privilegios "
"1","                              economica "
"1","
"
"1","                                      4 "
"1","                                      4 "
"1","                                      4 "
"1","                                      4 "
"1","
"
"1","                                brownie "
"1","                               sectores "
"1","                                    amo "
"1","                            agricultura "
"1","
"
"1","                                      4 "
"1","                                      4 "
"1","                                      4 "
"1","                                      4 "
"1","
"
"1","                                 altura "
"1","                                 espera "
"1","                                 humano "
"1","                                 confio "
"1","
"
"1","                                      4 "
"1","                                      4 "
"1","                                      4 "
"1","                                      4 "
"1","
"
"1","                               infancia "
"1","                                allende "
"1","                            importancia "
"1","                              alcaldesa "
"1","
"
"1","                                      4 "
"1","                                      4 "
"1","                                      4 "
"1","                                      4 "
"1","
"
"1","                               senadora "
"1","                                refleja "
"1","                                  campo "
"1","                                   niño "
"1","
"
"1","                                      4 "
"1","                                      4 "
"1","                                      4 "
"1","                                      4 "
"1","
"
"1","                               recursos "
"1","                                 amigos "
"1","                                   vino "
"1","                                  punta "
"1","
"
"1","                                      4 "
"1","                                      4 "
"1","                                      4 "
"1","                                      4 "
"1","
"
"1","                             organizado "
"1","                                   odio "
"1","                               hablamos "
"1","                                 tratar "
"1","
"
"1","                                      4 "
"1","                                      4 "
"1","                                      4 "
"1","                                      4 "
"1","
"
"1","                               conversa "
"1","                                 revisa "
"1","                               respetos "
"1","                                 diario "
"1","
"
"1","                                      4 "
"1","                                      4 "
"1","                                      4 "
"1","                                      4 "
"1","
"
"1","                                escrito "
"1","                              capacidad "
"1","                           comprometido "
"1","                                   fake "
"1","
"
"1","                                      4 "
"1","                                      4 "
"1","                                      4 "
"1","                                      4 "
"1","
"
"1","                                   news "
"1","                                   pies "
"1","                                  tomas "
"1","                              compartir "
"1","
"
"1","                                      4 "
"1","                                      4 "
"1","                                      4 "
"1","                                      4 "
"1","
"
"1","                                  mitad "
"1","                                  dolor "
"1","                                    usa "
"1","                                hicimos "
"1","
"
"1","                                      4 "
"1","                                      4 "
"1","                                      4 "
"1","                                      4 "
"1","
"
"1","                                 tierra "
"1","                                   edad "
"1","                                minutos "
"1","                                  usted "
"1","
"
"1","                                      4 "
"1","                                      4 "
"1","                                      4 "
"1","                                      4 "
"1","
"
"1","                                 sufren "
"1","                                  venir "
"1","                                  clara "
"1","                                 puerto "
"1","
"
"1","                                      4 "
"1","                                      4 "
"1","                                      4 "
"1","                                      4 "
"1","
"
"1","                              mejorando "
"1","                                 unidad "
"1","                                   ines "
"1","                                 puedan "
"1","
"
"1","                                      4 "
"1","                                      4 "
"1","                                      4 "
"1","                                      4 "
"1","
"
"1","                             diferencia "
"1","                          participacion "
"1","                                   gana "
"1","                      cuidadoconpinocho "
"1","
"
"1","                                      4 "
"1","                                      4 "
"1","                                      4 "
"1","                                      4 "
"1","
"
"1","                               asegurar "
"1","                                afiches "
"1","                                almagro "
"1","                               cerramos "
"1","
"
"1","                                      4 "
"1","                                      4 "
"1","                                      4 "
"1","                                      4 "
"1","
"
"1","                                  miles "
"1","                           encontrarnos "
"1","                             escritores "
"1","                                  lista "
"1","
"
"1","                                      4 "
"1","                                      4 "
"1","                                      4 "
"1","                                      4 "
"1","
"
"1","                                salario "
"1","                                empleos "
"1","                                    mar "
"1","                                  menos "
"1","
"
"1","                                      4 "
"1","                                      4 "
"1","                                      4 "
"1","                                      4 "
"1","
"
"1","                                  armas "
"1","                                 comuna "
"1","                             corrupcion "
"1","                                 bulnes "
"1","
"
"1","                                      4 "
"1","                                      4 "
"1","                                      4 "
"1","                                      4 "
"1","
"
"1","                                  libre "
"1","                                   peso "
"1","                                  viaje "
"1","                                 gatica "
"1","
"
"1","                                      4 "
"1","                                      4 "
"1","                                      4 "
"1","                                      4 "
"1","
"
"1","                                gustavo "
"1","                             talcahuano "
"1","                              impuestos "
"1","                             comenzamos "
"1","
"
"1","                                      4 "
"1","                                      4 "
"1","                                      4 "
"1","                                      4 "
"1","
"
"1","                                  vejez "
"1","                                 avance "
"1","                                   mesa "
"1","                           ultraderecha "
"1","
"
"1","                                      4 "
"1","                                      4 "
"1","                                      4 "
"1","                                      4 "
"1","
"
"1","                                mayores "
"1","                       vejezdignasinafp "
"1","                                  verla "
"1","                                  sucia "
"1","
"
"1","                                      4 "
"1","                                      4 "
"1","                                      4 "
"1","                                      4 "
"1","
"
"1","                                sueldos "
"1","                                  sueño "
"1","                                   pago "
"1","                                amenaza "
"1","
"
"1","                                      4 "
"1","                                      4 "
"1","                                      4 "
"1","                                      4 "
"1","
"
"1","                              retroceso "
"1","                         meunoxvivienda "
"1","                                 sueldo "
"1","                                joaquin "
"1","
"
"1","                                      4 "
"1","                                      4 "
"1","                                      4 "
"1","                                      4 "
"1","
"
"1","                                  lagos "
"1","                                marcelo "
"1","                             retroceder "
"1","                             disponible "
"1","
"
"1","                                      4 "
"1","                                      4 "
"1","                                      4 "
"1","                                      4 "
"1","
"
"1","                               entregar "
"1","                             jubilacion "
"1","                          recuperaremos "
"1","                               proteger "
"1","
"
"1","                                      4 "
"1","                                      4 "
"1","                                      4 "
"1","                                      4 "
"1","
"
"1","                                 minima "
"1","                                 macaya "
"1","                                  pesar "
"1","                                actores "
"1","
"
"1","                                      4 "
"1","                                      4 "
"1","                                      3 "
"1","                                      3 "
"1","
"
"1","                               busqueda "
"1","                                 muerte "
"1","                               magister "
"1","                               publicas "
"1","
"
"1","                                      3 "
"1","                                      3 "
"1","                                      3 "
"1","                                      3 "
"1","
"
"1","                                 claves "
"1","                                 existe "
"1","                                 llamar "
"1","                                  votos "
"1","
"
"1","                                      3 "
"1","                                      3 "
"1","                                      3 "
"1","                                      3 "
"1","
"
"1","                                  grupo "
"1","                                  maisa "
"1","                            resiliencia "
"1","                             culturales "
"1","
"
"1","                                      3 "
"1","                                      3 "
"1","                                      3 "
"1","                                      3 "
"1","
"
"1","                                  jaime "
"1","                                ninguna "
"1","                                 carmen "
"1","                                noticia "
"1","
"
"1","                                      3 "
"1","                                      3 "
"1","                                      3 "
"1","                                      3 "
"1","
"
"1","                                 libres "
"1","                                caminos "
"1","                                 llevan "
"1","                                 varios "
"1","
"
"1","                                      3 "
"1","                                      3 "
"1","                                      3 "
"1","                                      3 "
"1","
"
"1","                                  muñoz "
"1","                                  banda "
"1","                              sindicato "
"1","                               exterior "
"1","
"
"1","                                      3 "
"1","                                      3 "
"1","                                      3 "
"1","                                      3 "
"1","
"
"1","                            crecimiento "
"1","                               urgencia "
"1","                               acuerdos "
"1","                               completo "
"1","
"
"1","                                      3 "
"1","                                      3 "
"1","                                      3 "
"1","                                      3 "
"1","
"
"1","                             llegaremos "
"1","                                 opcion "
"1","                              reflexion "
"1","                                  nivel "
"1","
"
"1","                                      3 "
"1","                                      3 "
"1","                                      3 "
"1","                                      3 "
"1","
"
"1","                              exclusiva "
"1","                                  creen "
"1","                          instituciones "
"1","                              respuesta "
"1","
"
"1","                                      3 "
"1","                                      3 "
"1","                                      3 "
"1","                                      3 "
"1","
"
"1","                             comisiones "
"1","                                   diaz "
"1","                                medicas "
"1","                           colaboracion "
"1","
"
"1","                                      3 "
"1","                                      3 "
"1","                                      3 "
"1","                                      3 "
"1","
"
"1","                                delante "
"1","                              solamente "
"1","                               hicieron "
"1","                                  llama "
"1","
"
"1","                                      3 "
"1","                                      3 "
"1","                                      3 "
"1","                                      3 "
"1","
"
"1","                                 nombra "
"1","                                generar "
"1","                                  bueno "
"1","                               contento "
"1","
"
"1","                                      3 "
"1","                                      3 "
"1","                                      3 "
"1","                                      3 "
"1","
"
"1","                                llamada "
"1","                                 presos "
"1","                              prevision "
"1","                                 teatro "
"1","
"
"1","                                      3 "
"1","                                      3 "
"1","                                      3 "
"1","                                      3 "
"1","
"
"1","                             television "
"1","                              autonomia "
"1","                                  costa "
"1","                           colaborativo "
"1","
"
"1","                                      3 "
"1","                                      3 "
"1","                                      3 "
"1","                                      3 "
"1","
"
"1","                               converse "
"1","                                enfasis "
"1","                                   vaya "
"1","                             conciencia "
"1","
"
"1","                                      3 "
"1","                                      3 "
"1","                                      3 "
"1","                                      3 "
"1","
"
"1","                           construccion "
"1","                                   hago "
"1","                                impacto "
"1","                               superior "
"1","
"
"1","                                      3 "
"1","                                      3 "
"1","                                      3 "
"1","                                      3 "
"1","
"
"1","                                potente "
"1","                              dificiles "
"1","                               distinta "
"1","                                  meses "
"1","
"
"1","                                      3 "
"1","                                      3 "
"1","                                      3 "
"1","                                      3 "
"1","
"
"1","                               femenino "
"1","                        incansablemente "
"1","                                   mama "
"1","                          transformador "
"1","
"
"1","                                      3 "
"1","                                      3 "
"1","                                      3 "
"1","                                      3 "
"1","
"
"1","                             patrimonio "
"1","                                 recibo "
"1","                             incansable "
"1","                              esperando "
"1","
"
"1","                                      3 "
"1","                                      3 "
"1","                                      3 "
"1","                                      3 "
"1","
"
"1","                                honrado "
"1","                             innovacion "
"1","                               profesor "
"1","                                    luz "
"1","
"
"1","                                      3 "
"1","                                      3 "
"1","                                      3 "
"1","                                      3 "
"1","
"
"1","                             muchisimas "
"1","                                seguros "
"1","                                 conoce "
"1","                              confiamos "
"1","
"
"1","                                      3 "
"1","                                      3 "
"1","                                      3 "
"1","                                      3 "
"1","
"
"1","                            felicitamos "
"1","                                 llegan "
"1","                                    voz "
"1","                                 parece "
"1","
"
"1","                                      3 "
"1","                                      3 "
"1","                                      3 "
"1","                                      3 "
"1","
"
"1","                                   ðÿ‘‡ "
"1","                                confiar "
"1","                              contarles "
"1","                                  resto "
"1","
"
"1","                                      3 "
"1","                                      3 "
"1","                                      3 "
"1","                                      3 "
"1","
"
"1","                                 valoro "
"1","                              permitira "
"1","                                   leer "
"1","                               mensajes "
"1","
"
"1","                                      3 "
"1","                                      3 "
"1","                                      3 "
"1","                                      3 "
"1","
"
"1","                                todavia "
"1","                                aportar "
"1","                               efectiva "
"1","                                decidir "
"1","
"
"1","                                      3 "
"1","                                      3 "
"1","                                      3 "
"1","                                      3 "
"1","
"
"1","                                 dentro "
"1","                                  joven "
"1","                               orellana "
"1","                             periodista "
"1","
"
"1","                                      3 "
"1","                                      3 "
"1","                                      3 "
"1","                                      3 "
"1","
"
"1","                             dialogando "
"1","                                funcion "
"1","                                 lawner "
"1","                                  todes "
"1","
"
"1","                                      3 "
"1","                                      3 "
"1","                                      3 "
"1","                                      3 "
"1","
"
"1","                                   junt "
"1","                                  vista "
"1","                               aprender "
"1","                                urgente "
"1","
"
"1","                                      3 "
"1","                                      3 "
"1","                                      3 "
"1","                                      3 "
"1","
"
"1","                                   have "
"1","                            carabineros "
"1","                                   sabe "
"1","                               quitarle "
"1","
"
"1","                                      3 "
"1","                                      3 "
"1","                                      3 "
"1","                                      3 "
"1","
"
"1","                                oficial "
"1","                                 pagina "
"1","                             recomiendo "
"1","                                   cabo "
"1","
"
"1","                                      3 "
"1","                                      3 "
"1","                                      3 "
"1","                                      3 "
"1","
"
"1","                               recordar "
"1","                                    you "
"1","                                  señal "
"1","                              significa "
"1","
"
"1","                                      3 "
"1","                                      3 "
"1","                                      3 "
"1","                                      3 "
"1","
"
"1","                                  dando "
"1","                                pasando "
"1","                                   alla "
"1","                                 arriba "
"1","
"
"1","                                      3 "
"1","                                      3 "
"1","                                      3 "
"1","                                      3 "
"1","
"
"1","                                mensaje "
"1","                              realmente "
"1","                                  basta "
"1","                           intervencion "
"1","
"
"1","                                      3 "
"1","                                      3 "
"1","                                      3 "
"1","                                      3 "
"1","
"
"1","                                 inicio "
"1","                                soñamos "
"1","                                  sepan "
"1","                            acompañanos "
"1","
"
"1","                                      3 "
"1","                                      3 "
"1","                                      3 "
"1","                                      3 "
"1","
"
"1","                               partidos "
"1","                                 tantos "
"1","                                   hija "
"1","                                colores "
"1","
"
"1","                                      3 "
"1","                                      3 "
"1","                                      3 "
"1","                                      3 "
"1","
"
"1","                              olvidemos "
"1","                               diputado "
"1","                                   ðÿ¥° "
"1","                         independientes "
"1","
"
"1","                                      3 "
"1","                                      3 "
"1","                                      3 "
"1","                                      3 "
"1","
"
"1","                                daremos "
"1","                             depositada "
"1","                              inclusivo "
"1","                          profundamente "
"1","
"
"1","                                      3 "
"1","                                      3 "
"1","                                      3 "
"1","                                      3 "
"1","
"
"1","                                hidrica "
"1","                               demandas "
"1","                            perspectiva "
"1","                                confort "
"1","
"
"1","                                      3 "
"1","                                      3 "
"1","                                      3 "
"1","                                      3 "
"1","
"
"1","                                   zona "
"1","                                 eligio "
"1","                             plenamente "
"1","                              permitido "
"1","
"
"1","                                      3 "
"1","                                      3 "
"1","                                      3 "
"1","                                      3 "
"1","
"
"1","                            avanzaremos "
"1","                               cultural "
"1","                                deporte "
"1","                                 atento "
"1","
"
"1","                                      3 "
"1","                                      3 "
"1","                                      3 "
"1","                                      3 "
"1","
"
"1","                            celebracion "
"1","                                    mes "
"1","                               registro "
"1","                                   toco "
"1","
"
"1","                                      3 "
"1","                                      3 "
"1","                                      3 "
"1","                                      3 "
"1","
"
"1","                                ataques "
"1","                               voluntad "
"1","                                 cuenta "
"1","                                 luchan "
"1","
"
"1","                                      3 "
"1","                                      3 "
"1","                                      3 "
"1","                                      3 "
"1","
"
"1","                             justamente "
"1","                                   arte "
"1","                              lleguemos "
"1","                                    dio "
"1","
"
"1","                                      3 "
"1","                                      3 "
"1","                                      3 "
"1","                                      3 "
"1","
"
"1","                                musicos "
"1","                              garantias "
"1","                             repeticion "
"1","                                agentes "
"1","
"
"1","                                      3 "
"1","                                      3 "
"1","                                      3 "
"1","                                      3 "
"1","
"
"1","                             admiracion "
"1","                                  niñez "
"1","                                    sol "
"1","                                  cobre "
"1","
"
"1","                                      3 "
"1","                                      3 "
"1","                                      3 "
"1","                                      3 "
"1","
"
"1","                          informaciones "
"1","                     noticiasexpresscnn "
"1","                                 nuevos "
"1","                               problema "
"1","
"
"1","                                      3 "
"1","                                      3 "
"1","                                      3 "
"1","                                      3 "
"1","
"
"1","                               guerrero "
"1","                                    ptu "
"1","                                critica "
"1","                                 arenas "
"1","
"
"1","                                      3 "
"1","                                      3 "
"1","                                      3 "
"1","                                      3 "
"1","
"
"1","                                  enade "
"1","                                    via "
"1","                               espiritu "
"1","                              pasajeros "
"1","
"
"1","                                      3 "
"1","                                      3 "
"1","                                      3 "
"1","                                      3 "
"1","
"
"1","                            acompañaron "
"1","                          construiremos "
"1","                                   real "
"1","                                 barrio "
"1","
"
"1","                                      3 "
"1","                                      3 "
"1","                                      3 "
"1","                                      3 "
"1","
"
"1","                              trabajado "
"1","                              principal "
"1","                              reactivar "
"1","                         representantes "
"1","
"
"1","                                      3 "
"1","                                      3 "
"1","                                      3 "
"1","                                      3 "
"1","
"
"1","                                 reunio "
"1","                                  carta "
"1","                                  hagan "
"1","                                  firme "
"1","
"
"1","                                      3 "
"1","                                      3 "
"1","                                      3 "
"1","                                      3 "
"1","
"
"1","                               tribunal "
"1","                                 gloria "
"1","                                 regalo "
"1","                               familiar "
"1","
"
"1","                                      3 "
"1","                                      3 "
"1","                                      3 "
"1","                                      3 "
"1","
"
"1"," [ reached getOption(""max.print"") -- omitted 3980 entries ]
"
"0","head(wf)"
"1","     chile "
"1","       mas "
"1","       hoy "
"1","presidente "
"1","     mejor "
"1","   gracias "
"1","
"
"1","       204 "
"1","       123 "
"1","       118 "
"1","       114 "
"1","       113 "
"1","       112 "
"1","
"
